{
    "name": "cic_ton_iot",
    "configuration": {
        "num_epochs": 100,
        "batch_size": 128
    },
    "accuracy": {
        "e_gcn": 0.9872281838428831,
        "e_gcn_res": 0.9886685252386811,
        "e_graph_sage": 0.9870381734078839,
        "e_graph_sage_res": 0.9849418287725638,
        "e_gat": 0.9877664429112091,
        "e_gat_res": 0.9895170308533338
    },
    "e_gcn": {
        "classification_report": {
            "Attack": {
                "precision": 0.9871898363471674,
                "recall": 0.9887385614079207,
                "f1-score": 0.987963591935178,
                "support": 850957.0
            },
            "Normal": {
                "precision": 0.9872715946568059,
                "recall": 0.9855240792449929,
                "f1-score": 0.9863970629705641,
                "support": 754218.0
            },
            "accuracy": 0.9872281838428831,
            "macro avg": {
                "precision": 0.9872307155019866,
                "recall": 0.9871313203264568,
                "f1-score": 0.987180327452871,
                "support": 1605175.0
            },
            "weighted avg": {
                "precision": 0.9872282518400445,
                "recall": 0.9872281838428831,
                "f1-score": 0.9872275324135477,
                "support": 1605175.0
            }
        },
        "FPR": 0.014475920755007173,
        "FNR": 0.011261438592079271
    },
    "e_gcn_res": {
        "classification_report": {
            "Attack": {
                "precision": 0.9865629155633666,
                "recall": 0.9921382631554826,
                "f1-score": 0.9893427345855186,
                "support": 850957.0
            },
            "Normal": {
                "precision": 0.9910729654968115,
                "recall": 0.984753744938466,
                "f1-score": 0.9879032499416411,
                "support": 754218.0
            },
            "accuracy": 0.9886685252386811,
            "macro avg": {
                "precision": 0.988817940530089,
                "recall": 0.9884460040469742,
                "f1-score": 0.9886229922635799,
                "support": 1605175.0
            },
            "weighted avg": {
                "precision": 0.9886820370552306,
                "recall": 0.9886685252386811,
                "f1-score": 0.9886663689374515,
                "support": 1605175.0
            }
        },
        "FPR": 0.015246255061533933,
        "FNR": 0.007861736844517409
    },
    "e_graph_sage": {
        "classification_report": {
            "Attack": {
                "precision": 0.9870994922178007,
                "recall": 0.9884682774805308,
                "f1-score": 0.9877834106631812,
                "support": 850957.0
            },
            "Normal": {
                "precision": 0.9869687851077901,
                "recall": 0.9854246384997442,
                "f1-score": 0.9861961073633145,
                "support": 754218.0
            },
            "accuracy": 0.9870381734078839,
            "macro avg": {
                "precision": 0.9870341386627954,
                "recall": 0.9869464579901375,
                "f1-score": 0.9869897590132479,
                "support": 1605175.0
            },
            "weighted avg": {
                "precision": 0.9870380773221675,
                "recall": 0.9870381734078839,
                "f1-score": 0.9870375899768268,
                "support": 1605175.0
            }
        },
        "FPR": 0.014575361500255894,
        "FNR": 0.011531722519469257
    },
    "e_graph_sage_res": {
        "classification_report": {
            "Attack": {
                "precision": 0.9797033540349607,
                "recall": 0.9921500146305865,
                "f1-score": 0.985887401655257,
                "support": 850957.0
            },
            "Normal": {
                "precision": 0.9910143434215712,
                "recall": 0.9768090923313949,
                "f1-score": 0.9838604457057007,
                "support": 754218.0
            },
            "accuracy": 0.9849418287725638,
            "macro avg": {
                "precision": 0.985358848728266,
                "recall": 0.9844795534809907,
                "f1-score": 0.9848739236804789,
                "support": 1605175.0
            },
            "weighted avg": {
                "precision": 0.9850180093175253,
                "recall": 0.9849418287725638,
                "f1-score": 0.9849350029059852,
                "support": 1605175.0
            }
        },
        "FPR": 0.014575361500255894,
        "FNR": 0.011531722519469257
    },
    "e_gat": {
        "classification_report": {
            "Attack": {
                "precision": 0.9868980543288547,
                "recall": 0.9900676532421733,
                "f1-score": 0.9884803129328242,
                "support": 850957.0
            },
            "Normal": {
                "precision": 0.9887529358536764,
                "recall": 0.9851700701919074,
                "f1-score": 0.9869582513948634,
                "support": 754218.0
            },
            "accuracy": 0.9877664429112091,
            "macro avg": {
                "precision": 0.9878254950912655,
                "recall": 0.9876188617170403,
                "f1-score": 0.9877192821638439,
                "support": 1605175.0
            },
            "weighted avg": {
                "precision": 0.9877696010660565,
                "recall": 0.9877664429112091,
                "f1-score": 0.9877651471664511,
                "support": 1605175.0
            }
        },
        "FPR": 0.014829929808092621,
        "FNR": 0.009932346757826777
    },
    "e_gat_res": {
        "classification_report": {
            "Attack": {
                "precision": 0.9868171323586058,
                "recall": 0.9934979088250052,
                "f1-score": 0.9901462514822785,
                "support": 850957.0
            },
            "Normal": {
                "precision": 0.9926074577430634,
                "recall": 0.985025549642146,
                "f1-score": 0.9888019698204868,
                "support": 754218.0
            },
            "accuracy": 0.9895170308533338,
            "macro avg": {
                "precision": 0.9897122950508346,
                "recall": 0.9892617292335756,
                "f1-score": 0.9894741106513827,
                "support": 1605175.0
            },
            "weighted avg": {
                "precision": 0.9895378124282648,
                "recall": 0.9895170308533338,
                "f1-score": 0.9895146185286172,
                "support": 1605175.0
            }
        },
        "FPR": 0.014974450357854096,
        "FNR": 0.0065020911749947416
    }
}