{
    "name": "cic_ids_2017",
    "configuration": {
        "num_epochs": 100,
        "batch_size": 128
    },
    "accuracy": {
        "e_gcn": 0.9979122851891851,
        "e_gcn_res": 0.9980555713446636,
        "e_graph_sage": 0.9977950510619754,
        "e_graph_sage_res": 0.9978625494988537,
        "e_gat": 0.9979916254570946,
        "e_gat_res": 0.9979525474146914
    },
    "e_gcn": {
        "classification_report": {
            "Attack": {
                "precision": 0.9928967303177715,
                "recall": 0.9964236054186325,
                "f1-score": 0.994657041461722,
                "support": 164691.0
            },
            "Normal": {
                "precision": 0.9991327879762304,
                "recall": 0.9982729528828006,
                "f1-score": 0.9987026853603599,
                "support": 679773.0
            },
            "accuracy": 0.9979122851891851,
            "macro avg": {
                "precision": 0.996014759147001,
                "recall": 0.9973482791507166,
                "f1-score": 0.996679863411041,
                "support": 844464.0
            },
            "weighted avg": {
                "precision": 0.997916605200139,
                "recall": 0.9979122851891851,
                "f1-score": 0.9979136864932553,
                "support": 844464.0
            }
        },
        "FPR": 0.0017270471171994181,
        "FNR": 0.0035763945813675306,
        "elapsed": 1.9541786015033722
    },
    "e_gcn_res": {
        "classification_report": {
            "Attack": {
                "precision": 0.9936241712330841,
                "recall": 0.9964236054186325,
                "f1-score": 0.995021919319925,
                "support": 164691.0
            },
            "Normal": {
                "precision": 0.9991329424459267,
                "recall": 0.9984509534800587,
                "f1-score": 0.9987918315451165,
                "support": 679773.0
            },
            "accuracy": 0.9980555713446636,
            "macro avg": {
                "precision": 0.9963785568395054,
                "recall": 0.9974372794493456,
                "f1-score": 0.9969068754325208,
                "support": 844464.0
            },
            "weighted avg": {
                "precision": 0.9980585981993818,
                "recall": 0.9980555713446636,
                "f1-score": 0.9980566070544584,
                "support": 844464.0
            }
        },
        "FPR": 0.0015490465199412156,
        "FNR": 0.0035763945813675306,
        "elapsed": 1.810240600258112
    },
    "e_graph_sage": {
        "classification_report": {
            "Attack": {
                "precision": 0.9923023431594861,
                "recall": 0.9964236054186325,
                "f1-score": 0.9943587040167724,
                "support": 164691.0
            },
            "Normal": {
                "precision": 0.9991326615509897,
                "recall": 0.9981273160304984,
                "f1-score": 0.9986297357641909,
                "support": 679773.0
            },
            "accuracy": 0.9977950510619754,
            "macro avg": {
                "precision": 0.9957175023552378,
                "recall": 0.9972754607245655,
                "f1-score": 0.9964942198904816,
                "support": 844464.0
            },
            "weighted avg": {
                "precision": 0.9978005834917532,
                "recall": 0.9977950510619754,
                "f1-score": 0.9977967807897763,
                "support": 844464.0
            }
        },
        "FPR": 0.0018726839695015836,
        "FNR": 0.0035763945813675306,
        "elapsed": 0.7480790000408888
    },
    "e_graph_sage_res": {
        "classification_report": {
            "Attack": {
                "precision": 0.9926385192354222,
                "recall": 0.9964296773958504,
                "f1-score": 0.9945304853474581,
                "support": 164691.0
            },
            "Normal": {
                "precision": 0.9991342042335646,
                "recall": 0.9982096964722047,
                "f1-score": 0.9986717363900812,
                "support": 679773.0
            },
            "accuracy": 0.9978625494988537,
            "macro avg": {
                "precision": 0.9958863617344934,
                "recall": 0.9973196869340275,
                "f1-score": 0.9966011108687697,
                "support": 844464.0
            },
            "weighted avg": {
                "precision": 0.9978673878174368,
                "recall": 0.9978625494988537,
                "f1-score": 0.9978640918066998,
                "support": 844464.0
            }
        },
        "FPR": 0.0018726839695015836,
        "FNR": 0.0035763945813675306,
        "elapsed": 1.192307399585843
    },
    "e_gat": {
        "classification_report": {
            "Attack": {
                "precision": 0.9932993965219813,
                "recall": 0.9964236054186325,
                "f1-score": 0.9948590481964231,
                "support": 164691.0
            },
            "Normal": {
                "precision": 0.9991328735158372,
                "recall": 0.9983715151969849,
                "f1-score": 0.998752049258735,
                "support": 679773.0
            },
            "accuracy": 0.9979916254570946,
            "macro avg": {
                "precision": 0.9962161350189093,
                "recall": 0.9973975603078087,
                "f1-score": 0.9968055487275791,
                "support": 844464.0
            },
            "weighted avg": {
                "precision": 0.997995203751827,
                "recall": 0.9979916254570946,
                "f1-score": 0.9979928194538491,
                "support": 844464.0
            }
        },
        "FPR": 0.0016284848030151242,
        "FNR": 0.0035763945813675306,
        "elapsed": 14.439422501251101
    },
    "e_gat_res": {
        "classification_report": {
            "Attack": {
                "precision": 0.9930950594272712,
                "recall": 0.9964296773958504,
                "f1-score": 0.9947595738554563,
                "support": 164691.0
            },
            "Normal": {
                "precision": 0.9991343011100968,
                "recall": 0.9983214985002347,
                "f1-score": 0.9987277344327748,
                "support": 679773.0
            },
            "accuracy": 0.9979525474146914,
            "macro avg": {
                "precision": 0.996114680268684,
                "recall": 0.9973755879480426,
                "f1-score": 0.9967436541441156,
                "support": 844464.0
            },
            "weighted avg": {
                "precision": 0.9979565022317715,
                "recall": 0.9979525474146914,
                "f1-score": 0.9979538466961286,
                "support": 844464.0
            }
        },
        "FPR": 0.0016785014997653628,
        "FNR": 0.003570322604149589,
        "elapsed": 13.532751999795437
    }
}